{
  "ecs_threshold": 0.6,
  "temperature": 1.415692687034607,
  "ecs_selective_metrics": {
    "coverage": 0.6836363673210144,
    "selective_accuracy": 0.8936170339584351,
    "num_selected": 376,
    "num_total": 550
  },
  "confidence_selective_metrics": {
    "coverage": 0.7436363697052002,
    "selective_accuracy": 0.8801956176757812,
    "num_selected": 409,
    "num_total": 550
  },
  "ecs_score_mean": 0.700728178024292,
  "ecs_score_std": 0.18036194145679474,
  "ecs_score_min": 0.11454576253890991,
  "ecs_score_max": 0.9512361288070679
}