{
  "accuracy": 0.8163636363636364,
  "precision_macro": 0.6710945890128046,
  "recall_macro": 0.6852676083724564,
  "f1_macro": 0.675190316366787,
  "qwk": 0.8929490126270283,
  "nll": 0.5420695543289185,
  "brier": 0.28540918231010437,
  "ece": 0.06170432041991841,
  "mce": 0.6683098077774048,
  "error_detection_auroc": 0.8020243004255883
}