{
  "accuracy": 0.7890909090909091,
  "precision_macro": 0.6283701967420106,
  "recall_macro": 0.6540677542332969,
  "f1_macro": 0.636617374083918,
  "qwk": 0.8798199856806791,
  "nll": 0.5550581812858582,
  "brier": 0.3012269139289856,
  "ece": 0.04112432967532765,
  "mce": 0.19543451070785522,
  "error_detection_auroc": 0.8157079294454156
}