{
  "ecs_threshold": 0.4,
  "temperature": 1.415692687034607,
  "ecs_selective_metrics": {
    "coverage": 0.9290909171104431,
    "selective_accuracy": 0.8180038928985596,
    "num_selected": 511,
    "num_total": 550
  },
  "confidence_selective_metrics": {
    "coverage": 0.9563636183738708,
    "selective_accuracy": 0.8041825294494629,
    "num_selected": 526,
    "num_total": 550
  },
  "ecs_score_mean": 0.700728178024292,
  "ecs_score_std": 0.18036194145679474,
  "ecs_score_min": 0.11454576253890991,
  "ecs_score_max": 0.9512361288070679
}