{
  "accuracy": 0.7890909090909091,
  "precision_macro": 0.6283701967420106,
  "recall_macro": 0.6540677542332969,
  "f1_macro": 0.636617374083918,
  "qwk": 0.8798199856806791,
  "nll": 0.584926187992096,
  "brier": 0.3095618486404419,
  "ece": 0.0634528849883513,
  "mce": 0.6671103835105896,
  "error_detection_auroc": 0.8187470204989671
}