{
  "ecs_threshold": 0.7,
  "temperature": 1.415692687034607,
  "ecs_selective_metrics": {
    "coverage": 0.5581818222999573,
    "selective_accuracy": 0.9413681030273438,
    "num_selected": 307,
    "num_total": 550
  },
  "confidence_selective_metrics": {
    "coverage": 0.6436363458633423,
    "selective_accuracy": 0.901129961013794,
    "num_selected": 354,
    "num_total": 550
  },
  "ecs_score_mean": 0.700728178024292,
  "ecs_score_std": 0.18036194145679474,
  "ecs_score_min": 0.11454576253890991,
  "ecs_score_max": 0.9512361288070679
}